Ticket_ID,Date,Category,Submitted_By,Assigned_To,Handle_Minutes,Status
TCK-1001,2026-01-02,Thumbnail re-upload,creator_avaloncreates,Ops Support,25,Closed
TCK-1002,2026-01-02,Tax form (W-9/W-8),creator_brightpixel,Ops Support,50,Closed
TCK-1003,2026-01-03,Login issue,creator_chartedwaters,Ops Support,15,Closed
TCK-1004,2026-01-03,Thumbnail re-upload,creator_dunemotion,Ops Support,20,Closed
TCK-1005,2026-01-05,Payout question,creator_emberlite,Ops Support,55,Closed
TCK-1006,2026-01-05,Tax form (W-9/W-8),creator_foxglovestudio,Ops Support,45,Closed
TCK-1007,2026-01-06,Thumbnail re-upload,creator_glasscanyon,Ops Support,25,Closed
TCK-1008,2026-01-06,Thumbnail re-upload,creator_harborlight,Ops Support,20,Closed
TCK-1009,2026-01-07,Tax form (W-9/W-8),creator_ivoryreef,Ops Support,45,Closed
TCK-1010,2026-01-07,Login issue,creator_junipertrail,Ops Support,10,Closed
TCK-1011,2026-01-08,Thumbnail re-upload,creator_kelpforest,Ops Support,25,Closed
TCK-1012,2026-01-08,Payout question,creator_lanternbay,Ops Support,50,Closed
TCK-1013,2026-01-09,Tax form (W-9/W-8),creator_moonlitpath,,45,Closed
TCK-1014,2026-01-09,Thumbnail re-upload,creator_northstarvideo,Ops Support,20,Closed
TCK-1015,2026-01-12,Thumbnail re-upload,creator_oakhollow,Ops Support,25,Closed
TCK-1016,2026-01-12,Account access,creator_pinegrove,Ops Support,25,Closed
TCK-1017,2026-01-13,Tax form (W-9/W-8),creator_quietharbor,Ops Support,40,Closed
TCK-1018,2026-01-13,Thumbnail re-upload,creator_riverstone,Ops Support,20,Closed
TCK-1019,2026-01-14,Payout question,creator_silvercrest,Ops Support,45,Closed
TCK-1020,2026-01-14,Thumbnail re-upload,creator_tidalwave,Ops Support,25,Closed
TCK-1021,2026-01-15,Tax form (W-9/W-8),creator_umberglow,Ops Support,50,Closed
TCK-1022,2026-01-15,Login issue,creator_violetdusk,Ops Support,10,Closed
TCK-1023,2026-01-16,Thumbnail re-upload,creator_wildfern,Ops Support,20,Closed
TCK-1024,2026-01-16,Thumbnail re-upload,creator_xanaduclips,Ops Support,25,Closed
TCK-1025,2026-01-19,Tax form (W-9/W-8),creator_yellowpine,Ops Support,45,Closed
TCK-1026,2026-01-19,Payout question,creator_zephyrmedia,Ops Support,45,Closed
TCK-1027,2026-01-20,Thumbnail re-upload,creator_amberfield,Ops Support,20,Closed
TCK-1028,2026-01-20,Thumbnail re-upload,creator_brookside,Ops Support,25,Closed
TCK-1029,2026-01-21,Tax form (W-9/W-8),creator_cedarpoint,Ops Support,45,Closed
TCK-1030,2026-01-21,Content takedown,creator_driftwood,Ops Support,40,Closed
TCK-1031,2026-01-22,Thumbnail re-upload,creator_everglade,Ops Support,20,Closed
TCK-1032,2026-01-22,Login issue,creator_frostpeak,Ops Support,10,Closed
TCK-1033,2026-01-23,Tax form (W-9/W-8),creator_goldleaf,Ops Support,50,Closed
TCK-1034,2026-01-23,Thumbnail re-upload,creator_hazelwood,Ops Support,25,Closed
TCK-1035,2026-01-26,Payout question,creator_indigosky,Ops Support,45,Closed
TCK-1036,2026-01-26,Thumbnail re-upload,creator_jadecoast,Ops Support,20,Closed
TCK-1037,2026-01-27,Tax form (W-9/W-8),creator_larkspur,Ops Support,45,Closed
TCK-1038,2026-01-27,Thumbnail re-upload,creator_mistralwind,,25,Closed
TCK-1039,2026-01-28,Account access,creator_nightowl,Ops Support,20,Closed
TCK-1040,2026-01-28,Thumbnail re-upload,creator_opalbeach,Ops Support,25,Closed
TCK-1041,2026-01-29,Tax form (W-9/W-8),creator_pebblecreek,Ops Support,40,Closed
TCK-1042,2026-01-29,Thumbnail re-upload,creator_quillfeather,Ops Support,20,Closed
TCK-1043,2026-01-30,Payout question,creator_redwoodway,Ops Support,50,Closed
TCK-1044,2026-01-30,Thumbnail re-upload,creator_sanddollar,Ops Support,25,Closed
TCK-1045,2026-02-02,Tax form (W-9/W-8),creator_thornbush,Ops Support,45,Closed
TCK-1046,2026-02-02,Thumbnail re-upload,creator_underbrush,Ops Support,20,Closed
TCK-1047,2026-02-03,Login issue,creator_vellichor,Ops Support,10,Closed
TCK-1048,2026-02-03,Thumbnail re-upload,creator_windrose,Ops Support,25,Closed
TCK-1049,2026-02-04,Tax form (W-9/W-8),creator_xeriscape,Ops Support,50,Closed
TCK-1050,2026-02-04,Payout question,creator_yarrowmeadow,Ops Support,55,Closed
TCK-1051,2026-02-05,Thumbnail re-upload,creator_zinniagarden,Ops Support,20,Closed
TCK-1052,2026-02-05,Thumbnail re-upload,creator_ashgrove,Ops Support,25,Closed
TCK-1053,2026-02-06,Tax form (W-9/W-8),creator_birchbark,Ops Support,45,Closed
TCK-1054,2026-02-06,Content takedown,creator_coralcove,Ops Support,45,Closed
TCK-1055,2026-02-09,Thumbnail re-upload,creator_dewdrop,Ops Support,20,Closed
TCK-1056,2026-02-09,Login issue,creator_elmstreet,Ops Support,10,Closed
TCK-1057,2026-02-10,Tax form (W-9/W-8),creator_fernvalley,Ops Support,45,Closed
TCK-1058,2026-02-10,Thumbnail re-upload,creator_gravelpit,Ops Support,25,Closed
TCK-1059,2026-02-11,Payout question,creator_hollowtree,Ops Support,50,Closed
TCK-1060,2026-02-11,Thumbnail re-upload,creator_islandbreeze,Ops Support,20,Closed
TCK-1061,2026-02-12,Tax form (W-9/W-8),creator_jettystone,Ops Support,45,Closed
TCK-1062,2026-02-12,Thumbnail re-upload,creator_kingfisher,Ops Support,25,Closed
TCK-1063,2026-02-13,Account access,creator_lighthouse,Ops Support,25,Closed
TCK-1064,2026-02-13,Thumbnail re-upload,creator_maplesyrup,Ops Support,20,Closed
TCK-1065,2026-02-16,Tax form (W-9/W-8),creator_nettlepatch,Ops Support,50,Closed
TCK-1066,2026-02-16,Thumbnail re-upload,creator_oysterbay,Ops Support,25,Closed
TCK-1067,2026-02-17,Payout question,creator_pondscum,Ops Support,55,Closed
TCK-1068,2026-02-17,Thumbnail re-upload,creator_quartzridge,,20,Closed
TCK-1069,2026-02-18,Tax form (W-9/W-8),creator_rushreed,Ops Support,45,Closed
TCK-1070,2026-02-18,Login issue,creator_seafoam,Ops Support,10,Closed
TCK-1071,2026-02-19,Thumbnail re-upload,creator_tumbleweed,Ops Support,20,Closed
TCK-1072,2026-02-19,Thumbnail re-upload,creator_underpass,Ops Support,25,Closed
TCK-1073,2026-02-20,Tax form (W-9/W-8),creator_vinetrellis,Ops Support,45,Closed
TCK-1074,2026-02-20,Payout question,creator_willowbend,Ops Support,50,Closed
TCK-1075,2026-02-23,Thumbnail re-upload,creator_xylophone,Ops Support,20,Closed
TCK-1076,2026-02-23,Thumbnail re-upload,creator_yewberry,Ops Support,25,Closed
TCK-1077,2026-02-24,Tax form (W-9/W-8),creator_zephyrhill,Ops Support,45,Closed
TCK-1078,2026-02-24,Account access,creator_alderwood,Ops Support,25,Closed
TCK-1079,2026-02-25,Thumbnail re-upload,creator_bramblerose,Ops Support,20,Closed
TCK-1080,2026-02-25,Login issue,creator_cloudbank,Ops Support,10,Closed
TCK-1081,2026-02-26,Tax form (W-9/W-8),creator_dappledlight,Ops Support,50,Closed
TCK-1082,2026-02-26,Thumbnail re-upload,creator_ebbtide,Ops Support,25,Closed
TCK-1083,2026-02-27,Payout question,creator_fallowfield,Ops Support,55,Closed
TCK-1084,2026-02-27,Thumbnail re-upload,creator_glimmerpond,Ops Support,20,Closed
TCK-1085,2026-03-02,Tax form (W-9/W-8),creator_heathermoor,Ops Support,45,Closed
TCK-1086,2026-03-02,Thumbnail re-upload,creator_ironbark,Ops Support,25,Closed
TCK-1087,2026-03-03,Thumbnail re-upload,creator_jasminevine,Ops Support,20,Closed
TCK-1088,2026-03-03,Tax form (W-9/W-8),creator_kettlepond,Ops Support,45,Closed
TCK-1089,2026-03-04,Login issue,creator_lilypad,Ops Support,10,Closed
TCK-1090,2026-03-04,Payout question,creator_marshland,Ops Support,50,Closed
TCK-1091,2026-03-05,Thumbnail re-upload,creator_nutmeghill,Ops Support,20,Closed
TCK-1092,2026-03-05,Thumbnail re-upload,creator_orchardgate,Ops Support,25,Closed
TCK-1093,2026-03-06,Tax form (W-9/W-8),creator_pussywillow,Ops Support,40,Closed
TCK-1094,2026-03-06,Content takedown,creator_quietbrook,Ops Support,45,Closed
TCK-1095,2026-03-09,Thumbnail re-upload,creator_rookery,Ops Support,20,Closed
TCK-1096,2026-03-09,Thumbnail re-upload,creator_saltmarsh,Ops Support,25,Closed
TCK-1097,2026-03-10,Tax form (W-9/W-8),creator_thistledown,Ops Support,45,Closed
TCK-1098,2026-03-10,Login issue,creator_underwood,Ops Support,10,Closed
TCK-1099,2026-03-11,Payout question,creator_verdantglen,Ops Support,50,Closed
TCK-1100,2026-03-11,Thumbnail re-upload,creator_waxwing,,20,Closed
TCK-1101,2026-03-12,Tax form (W-9/W-8),creator_xanthegold,Ops Support,45,Closed
TCK-1102,2026-03-12,Thumbnail re-upload,creator_yonderfield,Ops Support,25,Closed
TCK-1103,2026-03-13,Account access,creator_zealouspeak,Ops Support,25,Closed
TCK-1104,2026-03-13,Thumbnail re-upload,creator_arborvale,Ops Support,20,Closed
TCK-1105,2026-03-16,Tax form (W-9/W-8),creator_bayberry,Ops Support,50,Closed
TCK-1106,2026-03-16,Thumbnail re-upload,creator_cinderpath,Ops Support,25,Closed
TCK-1107,2026-03-17,Payout question,creator_driftshore,Ops Support,55,Closed
TCK-1108,2026-03-17,Thumbnail re-upload,creator_elderflower,Ops Support,20,Closed
TCK-1109,2026-03-18,Tax form (W-9/W-8),creator_foampeak,Ops Support,45,Closed
TCK-1110,2026-03-18,Login issue,creator_grottoblue,Ops Support,10,Closed
TCK-1111,2026-03-19,Thumbnail re-upload,creator_hillcrest,Ops Support,20,Closed
TCK-1112,2026-03-19,Thumbnail re-upload,creator_inletcove,Ops Support,25,Closed
TCK-1113,2026-03-20,Tax form (W-9/W-8),creator_juniperhill,Ops Support,45,Closed
TCK-1114,2026-03-20,Payout question,creator_kestrelridge,Ops Support,50,Closed
TCK-1115,2026-03-23,Thumbnail re-upload,creator_lowtide,Ops Support,20,Closed
TCK-1116,2026-03-23,Thumbnail re-upload,creator_meadowlark,Ops Support,25,Closed
TCK-1117,2026-03-24,Tax form (W-9/W-8),creator_nightjar,Ops Support,45,Closed
TCK-1118,2026-03-24,Account access,creator_overlook,Ops Support,25,Closed
TCK-1119,2026-03-25,Thumbnail re-upload,creator_palebeach,Ops Support,20,Closed
TCK-1120,2026-03-25,Login issue,creator_quaildale,Ops Support,10,Closed
TCK-1121,2026-03-26,Tax form (W-9/W-8),creator_ridgeback,Ops Support,35,Closed
TCK-1122,2026-03-26,Thumbnail re-upload,creator_sablecreek,Ops Support,15,Closed
TCK-1123,2026-03-27,Payout question,creator_tanglewood,Ops Support,40,Closed
TCK-1124,2026-03-27,Thumbnail re-upload,creator_uplandmoor,Ops Support,20,Closed
TCK-1125,2026-03-30,Tax form (W-9/W-8),creator_vesperbay,Ops Support,30,Closed
TCK-1126,2026-03-30,Thumbnail re-upload,creator_wrenfield,Ops Support,15,Closed
TCK-1127,2026-03-30,Thumbnail re-upload,creator_yarrowhill,Ops Support,20,Open
TCK-1128,2026-03-31,Tax form (W-9/W-8),creator_zinniadell,Ops Support,30,Open
TCK-1129,2026-03-31,Payout question,creator_ashenmoor,Ops Support,35,Closed
TCK-1130,2026-03-31,Thumbnail re-upload,creator_blueheron,Ops Support,15,Closed
TCK-1131,2026-01-10,Thumbnail re-upload,creator_cliffside,Ops Support,20,Closed
TCK-1132,2026-01-23,Tax form (W-9/W-8),creator_dewpoint,Ops Support,30,Closed
TCK-1133,2026-02-07,Login issue,creator_eaglecrest,Ops Support,10,Closed
TCK-1134,2026-02-20,Thumbnail re-upload,creator_fogbank,Ops Support,15,Closed
TCK-1135,2026-03-06,Payout question,creator_glacierway,Ops Support,40,Closed
TCK-1136,2026-03-13,Tax form (W-9/W-8),creator_havenport,Ops Support,30,Closed
TCK-1137,2026-01-17,Thumbnail re-upload,creator_inglewood,Ops Support,20,Closed
TCK-1138,2026-02-14,Thumbnail re-upload,creator_jackpine,Ops Support,15,Closed
TCK-1139,2026-03-04,Account access,creator_kindling,Ops Support,25,Closed
TCK-1140,2026-03-21,Tax form (W-9/W-8),creator_lavendermist,Ops Support,30,Closed
